[
  {
    "model": "home.schoolinfo",
    "pk": 1,
    "fields": {
      "name": "St. Mary's Nyakhobi Senior School",
      "tagline": "Excellence Through Discipline - Building Leaders for Tomorrow",
      "welcome_message": "St. Mary's Nyakhobi Senior School is a prestigious mixed secondary school located in Funyula, Busia County, Kenya. Established in 2010, we have consistently delivered quality education and produced graduates who excel in various fields. Our commitment to academic excellence, discipline, and character development makes us a preferred choice for parents seeking quality education for their children.",
      "mission_statement": "To provide quality, affordable, and accessible education that prepares students for success in their academic pursuits and future careers while instilling strong moral values and developing responsible citizens who contribute positively to society.",
      "vision_statement": "To be a leading educational institution in Kenya, recognized for academic excellence, innovation, character development, and producing graduates who are competitive in the global market.",
      "established_year": 2010,
      "phone": "+254 712 345 678 / +254 723 456 789",
      "email": "info@stmarysnyakhobi.ac.ke",
      "address": "Off Nambuku/Funyula Road, Funyula, P.O. Box 123, Funyula 50406, Busia County, Kenya"
    }
  },
  {
    "model": "academics.gradelevel",
    "pk": 1,
    "fields": {
      "name": "Form 1",
      "description": "Foundation year focusing on core subjects and study skills development",
      "age_range": "14-15 years"
    }
  },
  {
    "model": "academics.gradelevel",
    "pk": 2,
    "fields": {
      "name": "Form 2", 
      "description": "Skills development year with expanded curriculum including computer studies",
      "age_range": "15-16 years"
    }
  },
  {
    "model": "academics.gradelevel",
    "pk": 3,
    "fields": {
      "name": "Form 3",
      "description": "Specialization year where students choose between Sciences and Arts streams",
      "age_range": "16-17 years"
    }
  },
  {
    "model": "academics.gradelevel",
    "pk": 4,
    "fields": {
      "name": "Form 4",
      "description": "KCSE preparation year with intensive revision and mock examinations",
      "age_range": "17-18 years"
    }
  },
  {
    "model": "academics.subject",
    "pk": 1,
    "fields": {
      "name": "Mathematics",
      "description": "Pure and applied mathematics, statistics, and problem-solving skills"
    }
  },
  {
    "model": "academics.subject",
    "pk": 2,
    "fields": {
      "name": "English",
      "description": "Language and literature, communication skills, and creative writing"
    }
  },
  {
    "model": "academics.subject",
    "pk": 3,
    "fields": {
      "name": "Kiswahili",
      "description": "National language, literature, and cultural studies"
    }
  },
  {
    "model": "academics.subject",
    "pk": 4,
    "fields": {
      "name": "Biology",
      "description": "Life sciences, human biology, and environmental studies"
    }
  },
  {
    "model": "academics.subject",
    "pk": 5,
    "fields": {
      "name": "Chemistry",
      "description": "Chemical processes, laboratory work, and scientific analysis"
    }
  },
  {
    "model": "academics.subject",
    "pk": 6,
    "fields": {
      "name": "Physics",
      "description": "Physical sciences, mechanics, and scientific principles"
    }
  },
  {
    "model": "academics.subject",
    "pk": 7,
    "fields": {
      "name": "History",
      "description": "World history, African history, and historical analysis"
    }
  },
  {
    "model": "academics.subject",
    "pk": 8,
    "fields": {
      "name": "Geography",
      "description": "Physical geography, human geography, and environmental studies"
    }
  },
  {
    "model": "academics.academicprogram",
    "pk": 1,
    "fields": {
      "name": "Form 1 Academic Program",
      "description": "Foundation building year focusing on core subjects including Mathematics, English, Kiswahili, Science, Social Studies, and Religious Education. Students are introduced to secondary education with comprehensive curriculum coverage and study skills development.",
      "duration": "1 Academic Year",
      "requirements": "KCPE certificate with minimum 250 marks",
      "is_active": true
    }
  },
  {
    "model": "academics.academicprogram",
    "pk": 2,
    "fields": {
      "name": "Form 2 Academic Program", 
      "description": "Skills development year with expanded curriculum including Computer Studies, Business Studies, and advanced science subjects. Students begin exploring their academic interests and career paths while building on foundation knowledge.",
      "duration": "1 Academic Year",
      "requirements": "Successful completion of Form 1 with satisfactory performance",
      "is_active": true
    }
  },
  {
    "model": "academics.academicprogram",
    "pk": 3,
    "fields": {
      "name": "Form 3 Academic Program",
      "description": "Specialization year where students choose between Sciences stream (Biology, Chemistry, Physics, Mathematics) and Arts stream (History, Geography, Literature, Languages) based on their career aspirations and academic strengths.",
      "duration": "1 Academic Year",
      "requirements": "Successful completion of Form 2 with good academic performance",
      "is_active": true
    }
  },
  {
    "model": "academics.academicprogram", 
    "pk": 4,
    "fields": {
      "name": "Form 4 KCSE Program",
      "description": "Final year KCSE preparation program with intensive revision, comprehensive mock examinations, university application guidance, and career counseling. Students receive specialized support to excel in national examinations.",
      "duration": "1 Academic Year",
      "requirements": "Successful completion of Form 3 in chosen stream",
      "is_active": true
    }
  },
  {
    "model": "faculty.department",
    "pk": 1,
    "fields": {
      "name": "Mathematics Department",
      "description": "Mathematics, Statistics, and Computer Studies with emphasis on problem-solving and analytical thinking",
      "head_of_department": "Mr. Samuel Kimani"
    }
  },
  {
    "model": "faculty.department",
    "pk": 2,
    "fields": {
      "name": "Sciences Department", 
      "description": "Physics, Chemistry, Biology with focus on practical laboratory work and scientific research methods",
      "head_of_department": "Mrs. Mary Wanjiku"
    }
  },
  {
    "model": "faculty.department",
    "pk": 3,
    "fields": {
      "name": "Languages Department",
      "description": "English, Kiswahili, Literature with emphasis on communication skills and creative expression",
      "head_of_department": "Mrs. Esther Mutindi"
    }
  },
  {
    "model": "faculty.department",
    "pk": 4,
    "fields": {
      "name": "Humanities Department",
      "description": "History, Geography, Christian Religious Education, and Business Studies",
      "head_of_department": "Mr. David Mwangi"
    }
  },
  {
    "model": "faculty.faculty",
    "pk": 1,
    "fields": {
      "first_name": "Peter",
      "last_name": "Wanyama",
      "position": "principal",
      "department": 1,
      "email": "principal@stmarysnyakhobi.ac.ke",
      "phone": "+254 712 345 678",
      "bio": "With over 15 years of experience in educational leadership, Mr. Wanyama leads St. Mary's Nyakhobi with vision and dedication to academic excellence. He holds a Master's degree in Educational Leadership and has transformed the school into one of the leading institutions in Busia County.",
      "qualifications": "M.Ed Educational Leadership (University of Nairobi), B.Ed Mathematics (Moi University)",
      "experience_years": 15,
      "subjects_taught": "Mathematics, Educational Leadership",
      "is_active": true,
      "joined_date": "2020-01-15"
    }
  },
  {
    "model": "faculty.faculty",
    "pk": 2,
    "fields": {
      "first_name": "Grace",
      "last_name": "Adhiambo",
      "position": "vice_principal",
      "department": 2,
      "email": "deputy@stmarysnyakhobi.ac.ke",
      "phone": "+254 723 456 789",
      "bio": "Mrs. Adhiambo oversees our academic programs and ensures high standards of teaching and learning across all subjects. She brings 12 years of experience in science education and curriculum development.",
      "qualifications": "M.Sc Chemistry (University of Nairobi), B.Ed Chemistry (Kenyatta University)",
      "experience_years": 12,
      "subjects_taught": "Chemistry, Science Coordination",
      "is_active": true,
      "joined_date": "2021-02-01"
    }
  },
  {
    "model": "faculty.faculty", 
    "pk": 3,
    "fields": {
      "first_name": "James",
      "last_name": "Ochieng",
      "position": "vice_principal",
      "department": 4,
      "email": "admin@stmarysnyakhobi.ac.ke",
      "phone": "+254 734 567 890",
      "bio": "Mr. Ochieng manages the administrative affairs and ensures smooth operations of all school activities. He has 10 years of experience in educational administration and business management.",
      "qualifications": "MBA Management (Maseno University), B.Com Business (Moi University)",
      "experience_years": 10,
      "subjects_taught": "Business Studies, Administration",
      "is_active": true,
      "joined_date": "2022-01-10"
    }
  },
  {
    "model": "faculty.faculty",
    "pk": 4,
    "fields": {
      "first_name": "Samuel",
      "last_name": "Kimani",
      "position": "teacher",
      "department": 1,
      "email": "s.kimani@stmarysnyakhobi.ac.ke",
      "phone": "+254 745 678 901",
      "bio": "Head of Mathematics Department with 12 years of teaching experience. Specializes in KCSE preparation and has consistently produced excellent results in national examinations.",
      "qualifications": "B.Ed Mathematics & Physics (Kenyatta University), Diploma in Education",
      "experience_years": 12,
      "subjects_taught": "Mathematics, Physics",
      "is_active": true,
      "joined_date": "2018-03-15"
    }
  },
  {
    "model": "faculty.faculty",
    "pk": 5,
    "fields": {
      "first_name": "Mary",
      "last_name": "Wanjiku",
      "position": "teacher",
      "department": 2,
      "email": "m.wanjiku@stmarysnyakhobi.ac.ke",
      "phone": "+254 756 789 012",
      "bio": "Head of Sciences Department with 10 years of experience in science education. Expert in laboratory management and has mentored several students to excel in science competitions.",
      "qualifications": "B.Sc Chemistry (University of Nairobi), PGDE (Kenyatta University)",
      "experience_years": 10,
      "subjects_taught": "Chemistry, Biology",
      "is_active": true,
      "joined_date": "2019-01-20"
    }
  },
  {
    "model": "faculty.faculty",
    "pk": 6,
    "fields": {
      "first_name": "Joseph",
      "last_name": "Ouma",
      "position": "teacher",
      "department": 2,
      "email": "j.ouma@stmarysnyakhobi.ac.ke",
      "phone": "+254 767 890 123",
      "bio": "Dedicated Physics and Mathematics teacher with 8 years of experience. Known for making complex concepts easy to understand and has helped many students improve their performance.",
      "qualifications": "B.Ed Physics & Mathematics (Moi University), Diploma in Education",
      "experience_years": 8,
      "subjects_taught": "Physics, Mathematics",
      "is_active": true,
      "joined_date": "2020-02-15"
    }
  },
  {
    "model": "faculty.faculty",
    "pk": 7,
    "fields": {
      "first_name": "Esther",
      "last_name": "Mutindi",
      "position": "teacher",
      "department": 3,
      "email": "e.mutindi@stmarysnyakhobi.ac.ke",
      "phone": "+254 778 901 234",
      "bio": "Head of Languages Department with 15 years of experience in language education. Drama club coordinator and debate coach who has led the school to several victories in inter-school competitions.",
      "qualifications": "B.A English & Literature (University of Nairobi), PGDE (Kenyatta University)",
      "experience_years": 15,
      "subjects_taught": "English, Literature",
      "is_active": true,
      "joined_date": "2017-01-10"
    }
  },
  {
    "model": "faculty.faculty",
    "pk": 8,
    "fields": {
      "first_name": "Hassan",
      "last_name": "Mohamed",
      "position": "teacher",
      "department": 3,
      "email": "h.mohamed@stmarysnyakhobi.ac.ke",
      "phone": "+254 789 012 345",
      "bio": "Experienced Kiswahili teacher with 9 years of dedication to language and cultural education. Has authored several educational materials and promotes African cultural values.",
      "qualifications": "B.A Kiswahili & Literature (Pwani University), Diploma in Education",
      "experience_years": 9,
      "subjects_taught": "Kiswahili, Literature",
      "is_active": true,
      "joined_date": "2018-08-20"
    }
  },
  {
    "model": "faculty.faculty",
    "pk": 9,
    "fields": {
      "first_name": "David",
      "last_name": "Mwangi",
      "position": "teacher",
      "department": 4,
      "email": "d.mwangi@stmarysnyakhobi.ac.ke",
      "phone": "+254 790 123 456",
      "bio": "Head of Humanities Department with 11 years of experience in social studies education. Specializes in African history and has conducted research on local historical sites.",
      "qualifications": "B.A History & Government (University of Nairobi), PGDE (Kenyatta University)",
      "experience_years": 11,
      "subjects_taught": "History, Geography",
      "is_active": true,
      "joined_date": "2019-03-10"
    }
  },
  {
    "model": "faculty.faculty",
    "pk": 10,
    "fields": {
      "first_name": "Susan",
      "last_name": "Akinyi",
      "position": "teacher",
      "department": 4,
      "email": "s.akinyi@stmarysnyakhobi.ac.ke",
      "phone": "+254 701 234 567",
      "bio": "Geography teacher with 7 years of experience focusing on environmental conservation and sustainable development. Leads the school's environmental club and tree planting initiatives.",
      "qualifications": "B.Ed Geography (Masinde Muliro University), Diploma in Environmental Studies",
      "experience_years": 7,
      "subjects_taught": "Geography, Environmental Studies",
      "is_active": true,
      "joined_date": "2021-01-15"
    }
  },
  {
    "model": "events.event",
    "pk": 1,
    "fields": {
      "title": "Inter-School Athletics Championship 2025",
      "description": "Annual athletics competition featuring schools from Busia County. Track and field events for all age groups including 100m, 200m, 400m, 800m, 1500m, 5000m races, relay competitions, long jump, high jump, shot put, and discus throw. Expected participation from over 20 schools.",
      "event_date": "2025-10-15T08:00:00Z",
      "end_date": "2025-10-15T17:00:00Z",
      "location": "St. Mary's Nyakhobi Sports Grounds",
      "event_type": "sports",
      "is_published": true
    }
  },
  {
    "model": "events.event",
    "pk": 2,
    "fields": {
      "title": "Annual Science Fair 2025",
      "description": "Students showcase innovative science projects and experiments across various categories including Physics, Chemistry, Biology, Mathematics, Computer Science, and Environmental Science. Open to parents, guardians, and the local community. Awards will be given for outstanding projects.",
      "event_date": "2025-10-22T09:00:00Z",
      "end_date": "2025-10-22T16:00:00Z",
      "location": "Science Laboratories & Assembly Hall",
      "event_type": "academic",
      "is_published": true
    }
  },
  {
    "model": "events.event",
    "pk": 3,
    "fields": {
      "title": "Drama and Cultural Festival",
      "description": "Annual celebration of arts and creativity featuring original plays, poetry recitations, traditional dances, and musical performances. Students from all forms participate in showcasing talents in drama, music, dance, and storytelling representing various Kenyan cultures.",
      "event_date": "2025-11-05T18:00:00Z",
      "end_date": "2025-11-05T21:00:00Z",
      "location": "School Assembly Hall",
      "event_type": "cultural",
      "is_published": true
    }
  },
  {
    "model": "events.event",
    "pk": 4,
    "fields": {
      "title": "Form 4 KCSE Mock Examinations",
      "description": "Comprehensive mock examinations for Form 4 students in preparation for the national KCSE exams. Covers all subjects with proper examination conditions, invigilation, and marking schemes following KNEC standards.",
      "event_date": "2025-11-12T08:00:00Z",
      "end_date": "2025-11-22T17:00:00Z",
      "location": "All Examination Rooms",
      "event_type": "exam",
      "is_published": true
    }
  },
  {
    "model": "events.event",
    "pk": 5,
    "fields": {
      "title": "Parents Day & Academic Exhibition",
      "description": "Parents and guardians meet with teachers for academic progress discussions, view student exhibitions, and participate in school activities. Includes presentation of student work, departmental displays, and feedback sessions with class teachers.",
      "event_date": "2025-11-18T09:00:00Z",
      "end_date": "2025-11-18T15:00:00Z",
      "location": "Entire School Campus",
      "event_type": "meeting",
      "is_published": true
    }
  },
  {
    "model": "events.event",
    "pk": 6,
    "fields": {
      "title": "Annual Awards Day & Prize Giving Ceremony",
      "description": "Recognition of outstanding academic performance, sports achievements, leadership, and exemplary conduct. Presentation of trophies, certificates, scholarships, and bursaries to deserving students. Guest speaker from the education sector.",
      "event_date": "2025-12-01T10:00:00Z",
      "end_date": "2025-12-01T13:00:00Z",
      "location": "School Assembly Hall",
      "event_type": "academic",
      "is_published": true
    }
  },
  {
    "model": "home.homepageslider",
    "pk": 1,
    "fields": {
      "title": "Welcome to St. Mary's Nyakhobi Senior School",
      "description": "Excellence Through Discipline - Nurturing tomorrow's leaders today with quality education and strong moral values",
      "link_text": "Learn More About Us",
      "link_url": "/about/",
      "is_active": true,
      "order": 1
    }
  },
  {
    "model": "home.homepageslider",
    "pk": 2,
    "fields": {
      "title": "Academic Excellence Since 2010",
      "description": "95% University Admission Rate - Preparing students for success in higher education and future careers",
      "link_text": "View Our Programs",
      "link_url": "/academics/",
      "is_active": true,
      "order": 2
    }
  },
  {
    "model": "home.homepageslider",
    "pk": 3,
    "fields": {
      "title": "Join Our Growing Community",
      "description": "Applications now open for 2026 Academic Year - Scholarships and bursaries available for qualified students",
      "link_text": "Apply Today",
      "link_url": "/admissions/",
      "is_active": true,
      "order": 3
    }
  },
  {
    "model": "home.quicklink",
    "pk": 1,
    "fields": {
      "title": "Admissions",
      "description": "Apply for 2026 academic year",
      "icon": "fas fa-graduation-cap",
      "link_url": "/admissions/",
      "is_active": true,
      "order": 1
    }
  },
  {
    "model": "home.quicklink",
    "pk": 2,
    "fields": {
      "title": "Academic Programs",
      "description": "Form 1-4 curriculum details",
      "icon": "fas fa-book-open",
      "link_url": "/academics/",
      "is_active": true,
      "order": 2
    }
  },
  {
    "model": "home.quicklink",
    "pk": 3,
    "fields": {
      "title": "Our Faculty",
      "description": "Meet our dedicated educators",
      "icon": "fas fa-chalkboard-teacher",
      "link_url": "/faculty/",
      "is_active": true,
      "order": 3
    }
  },
  {
    "model": "home.quicklink",
    "pk": 4,
    "fields": {
      "title": "School Events",
      "description": "Upcoming activities and calendar",
      "icon": "fas fa-calendar-alt",
      "link_url": "/events/",
      "is_active": true,
      "order": 4
    }
  },
  {
    "model": "home.quicklink",
    "pk": 5,
    "fields": {
      "title": "Contact Us",
      "description": "Get in touch with our team",
      "icon": "fas fa-phone-alt",
      "link_url": "/contact/",
      "is_active": true,
      "order": 5
    }
  },
  {
    "model": "home.quicklink",
    "pk": 6,
    "fields": {
      "title": "School Library",
      "description": "Access learning resources",
      "icon": "fas fa-book",
      "link_url": "/library/",
      "is_active": true,
      "order": 6
    }
  }
]